<?xml version="1.0" encoding="UTF-8"?>
<!DOCTYPE suite SYSTEM "http://testng.org/testng-1.0.dtd">
<suite name="All Test Suite">
    <test verbose="2" preserve-order="true" name="D:/bootomline_Selenium/Webdriver">
        <classes><class name="TestNG.AmazonTest">
            <methods><include name="amazonSearch"/></methods></class>

            <class name="TestNG.Annotations"><methods><include name="testcase"/>
                <include name="testcase1"/><include name="testcase2"/></methods></class>
            <class name="TestNG.Firsts"><methods><include name="unsuccesfulLogin"/>
                <include name="unsuccesfullogin"/></methods></class>
            <class name="TestNG.Seconds"><methods><include name="login"/>
                <include name="application"/><include name="logout"/><include name="demo"/>
            </methods></class></classes></test></suite>